[Reading 25 lines from start (total: 25 lines, 0 remaining)]

target,bandwidth07_mse,additive_mse,delta_vs_additive,relative_change_vs_additive,r13_mse
Gemcitabine,0.0010258725939387393,0.0010392909566857688,-1.341836274702953e-05,-0.012911074286472979,0.0011589333707120665
Napabucasin,0.0011706234162799291,0.0011825054053821568,-1.1881989102227684e-05,-0.010048147812387942,0.0012257481025449396
Gedatolisib,0.001110136442501674,0.0011216615176707103,-1.152507516903622e-05,-0.010275002741441663,0.0011617510759271833
Palbociclib,0.0016282264101015072,0.0016396914542110227,-1.1465044109515519e-05,-0.006992196050099042,0.001738720325333095
Alisertib,0.0007790581738268316,0.0007883840157322921,-9.325841905460518e-06,-0.011829060101882227,0.0007995469261788051
Pevonedistat,0.0009652257971401316,0.0009728859359903653,-7.660138850233765e-06,-0.007873624817523961,0.001052615179806831
LGK974,0.0010470001889497556,0.00105428381219374,-7.283623243984488e-06,-0.006908598196939786,0.0011317696613839146
Methotrexate,0.0009081801461460348,0.000914020859943935,-5.840713797900248e-06,-0.006390131838192925,0.0008901322460873044
TAS-102,0.0014476200563955652,0.0014532190245998714,-5.598968204306113e-06,-0.003852804091831752,0.001481234106288349
Panobinostat,0.0007854335068702312,0.0007902588480347599,-4.8253411645286706e-06,-0.006106026116035834,0.0007530434495603306
5-FU,0.0012108915801875915,0.001213549139417833,-2.6575592302414183e-06,-0.0021899065673733897,0.0013002732852377163
Atorvastatin,0.0007435071005774642,0.0007450247050761425,-1.517604498678252e-06,-0.0020369854695263534,0.0008658977965215597
Luminespib,0.0006861981783436253,0.00068709049483698,-8.923164933546945e-07,-0.0012986884552469435,0.0007396638489533879
AZD7762,0.0011228722723053057,0.0011230426350024756,-1.703626971698985e-07,-0.00015169744394394336,0.0012015855223013927
Trametinib,0.0009038132869530456,0.0009038048395798376,8.447373207941082e-09,9.34645715311433e-06,0.0011098839225062004
SN-38,0.0005674313654643131,0.0005670885152039494,3.428502603637076e-07,0.0006045797986939938,0.0005924056646373221
Volasertib,0.0007894182618673472,0.0007884498150135056,9.684468538416436e-07,0.001228292321718838,0.0008734459266496893
Encorafenib,0.002008803845321599,0.00200770952557558,1.0943197460192532e-06,0.0005450588006277179,0.0021719841252746015
Lapatinib,0.0008506139524040387,0.0008475957310645864,3.0182213394523314e-06,0.003560920883427965,0.0010406164494264844
Idasanutlin,0.0011421553835742626,0.0011385448289886896,3.6105545855730226e-06,0.0031712010749547215,0.001268804116548065
LCL161,0.0010025451960770225,0.0009981488439631692,4.39635211385331e-06,0.00440450554087457,0.0010963941526805992
Afatinib,0.0012635622362233332,0.001258657965804597,4.904270418736251e-06,0.0038964282211499945,0.0013551810869635611
Bemcentinib,0.0011494559522303677,0.0011397482593034996,9.707692926868086e-06,0.008517400967824607,0.0011668304245496326
Regorafenib,0.0010899556662439746,0.0010786083934319936,1.1347272811980998e-05,0.010520289737293353,0.00130014758711546

[executed on device: joseph-hp-elitebook (952b4ec0-09f4-4bcf-9153-2dd8c5e6a1d5)]