target_index,drug,current_mse,bandwidth07_mse,delta_mse_current_minus_bandwidth07,relative_change_percent,improved
15,Napabucasin,0.0011085820950404012,0.0011706234162799293,-6.204132123952813e-05,-5.299853084836315,True
0,5-FU,0.001170981459752254,0.0012108915801875915,-3.991012043533747e-05,-3.2959284785145315,True
21,TAS-102,0.0014128964092900284,0.0014476200563955652,-3.4723647105536866e-05,-2.3986713193236198,True
18,Pevonedistat,0.0009344841278893918,0.0009652257971401316,-3.0741669250739824e-05,-3.184919978498746,True
7,Gedatolisib,0.0010809224746799399,0.001110136442501674,-2.921396782173415e-05,-2.6315655178295927,True
17,Panobinostat,0.000758724806471356,0.0007854335068702312,-2.6708700398875252e-05,-3.400504328533571,True
9,Idasanutlin,0.0011155549983325442,0.0011421553835742626,-2.6600385241718405e-05,-2.3289637841109823,True
11,LGK974,0.0010257886417523064,0.0010470001889497553,-2.1211547197448957e-05,-2.0259353743504294,True
3,Alisertib,0.0007579324417192561,0.0007790581738268316,-2.1125732107575503e-05,-2.7117014899931347,True
5,Bemcentinib,0.0011308647898766895,0.0011494559522303677,-1.859116235367812e-05,-1.617387975381257,True
13,Luminespib,0.0006683327449023639,0.0006861981783436254,-1.7865433441261553e-05,-2.603538453626608,True
6,Encorafenib,0.0019938592738140692,0.002008803845321599,-1.494457150752991e-05,-0.7439537485123271,True
4,Atorvastatin,0.0007296100063270956,0.0007435071005774642,-1.3897094250368597e-05,-1.869127307536811,True
14,Methotrexate,0.0008953840672779616,0.0009081801461460348,-1.2796078868073236e-05,-1.4089802471871749,True
23,Volasertib,0.0007768157815656421,0.0007894182618673472,-1.2602480301705105e-05,-1.596426243281257,True
16,Palbociclib,0.0016195919384122336,0.0016282264101015072,-8.634471689273563e-06,-0.5302992038272669,True
12,Lapatinib,0.0008430899769032471,0.0008506139524040387,-7.523975500791638e-06,-0.8845346916221075,True
20,SN-38,0.0005601462688490818,0.0005674313654643131,-7.285096615231327e-06,-1.283872739264269,True
8,Gemcitabine,0.0010235463055789597,0.001025872593938739,-2.3262883597793913e-06,-0.22676191697916792,True
2,Afatinib,0.0012663535060878518,0.0012635622362233332,2.7912698645185703e-06,0.22090481849643684,False
19,Regorafenib,0.0010943191263007087,0.0010899556662439746,4.363460056734094e-06,0.4003337192393097,False
1,AZD7762,0.0011309775885498157,0.0011228722723053057,8.105316244509967e-06,0.721837776603862,False
10,LCL161,0.0010108719976433098,0.0010025451960770225,8.32680156628721e-06,0.8305662027876748,False
22,Trametinib,0.0009162665032925765,0.0009038132869530456,1.2453216339530868e-05,1.3778527622130277,False
