position,native_id,drug_id,concentration_nM,unit,source_plate,source_plate_instance,source_well,chip_device_id,chip_compartment_id,circuit_id,reservoir_id,channel_id,dosing_route,exposure_hours,readout_timepoint_hours,readout_type,binding_status
0,q003,5-FU,1000,nM,p2,PROSPECTIVE_B_P2,PROSPECTIVE_SLOT_01,TBD_BEFORE_PROSPECTIVE_COLLECTION,TBD_BEFORE_PROSPECTIVE_COLLECTION,TBD_BEFORE_PROSPECTIVE_COLLECTION,TBD_BEFORE_PROSPECTIVE_COLLECTION,TBD_BEFORE_PROSPECTIVE_COLLECTION,TBD_BEFORE_PROSPECTIVE_COLLECTION,TBD_BEFORE_PROSPECTIVE_COLLECTION,TBD_BEFORE_PROSPECTIVE_COLLECTION,TBD_BEFORE_PROSPECTIVE_COLLECTION,UNRESOLVED_DEVICE_BINDING
1,q004,5-FU,3000,nM,p1,PROSPECTIVE_B_P1,PROSPECTIVE_SLOT_01,TBD_BEFORE_PROSPECTIVE_COLLECTION,TBD_BEFORE_PROSPECTIVE_COLLECTION,TBD_BEFORE_PROSPECTIVE_COLLECTION,TBD_BEFORE_PROSPECTIVE_COLLECTION,TBD_BEFORE_PROSPECTIVE_COLLECTION,TBD_BEFORE_PROSPECTIVE_COLLECTION,TBD_BEFORE_PROSPECTIVE_COLLECTION,TBD_BEFORE_PROSPECTIVE_COLLECTION,TBD_BEFORE_PROSPECTIVE_COLLECTION,UNRESOLVED_DEVICE_BINDING
2,q009,AZD7762,100,nM,p2,PROSPECTIVE_B_P2,PROSPECTIVE_SLOT_02,TBD_BEFORE_PROSPECTIVE_COLLECTION,TBD_BEFORE_PROSPECTIVE_COLLECTION,TBD_BEFORE_PROSPECTIVE_COLLECTION,TBD_BEFORE_PROSPECTIVE_COLLECTION,TBD_BEFORE_PROSPECTIVE_COLLECTION,TBD_BEFORE_PROSPECTIVE_COLLECTION,TBD_BEFORE_PROSPECTIVE_COLLECTION,TBD_BEFORE_PROSPECTIVE_COLLECTION,TBD_BEFORE_PROSPECTIVE_COLLECTION,UNRESOLVED_DEVICE_BINDING
3,q010,AZD7762,300,nM,p1,PROSPECTIVE_B_P1,PROSPECTIVE_SLOT_02,TBD_BEFORE_PROSPECTIVE_COLLECTION,TBD_BEFORE_PROSPECTIVE_COLLECTION,TBD_BEFORE_PROSPECTIVE_COLLECTION,TBD_BEFORE_PROSPECTIVE_COLLECTION,TBD_BEFORE_PROSPECTIVE_COLLECTION,TBD_BEFORE_PROSPECTIVE_COLLECTION,TBD_BEFORE_PROSPECTIVE_COLLECTION,TBD_BEFORE_PROSPECTIVE_COLLECTION,TBD_BEFORE_PROSPECTIVE_COLLECTION,UNRESOLVED_DEVICE_BINDING
4,q015,Afatinib,10,nM,p2,PROSPECTIVE_B_P2,PROSPECTIVE_SLOT_03,TBD_BEFORE_PROSPECTIVE_COLLECTION,TBD_BEFORE_PROSPECTIVE_COLLECTION,TBD_BEFORE_PROSPECTIVE_COLLECTION,TBD_BEFORE_PROSPECTIVE_COLLECTION,TBD_BEFORE_PROSPECTIVE_COLLECTION,TBD_BEFORE_PROSPECTIVE_COLLECTION,TBD_BEFORE_PROSPECTIVE_COLLECTION,TBD_BEFORE_PROSPECTIVE_COLLECTION,TBD_BEFORE_PROSPECTIVE_COLLECTION,UNRESOLVED_DEVICE_BINDING
5,q017,Afatinib,100,nM,p1,PROSPECTIVE_B_P1,PROSPECTIVE_SLOT_03,TBD_BEFORE_PROSPECTIVE_COLLECTION,TBD_BEFORE_PROSPECTIVE_COLLECTION,TBD_BEFORE_PROSPECTIVE_COLLECTION,TBD_BEFORE_PROSPECTIVE_COLLECTION,TBD_BEFORE_PROSPECTIVE_COLLECTION,TBD_BEFORE_PROSPECTIVE_COLLECTION,TBD_BEFORE_PROSPECTIVE_COLLECTION,TBD_BEFORE_PROSPECTIVE_COLLECTION,TBD_BEFORE_PROSPECTIVE_COLLECTION,UNRESOLVED_DEVICE_BINDING
6,q018,Afatinib,300,nM,p2,PROSPECTIVE_B_P2,PROSPECTIVE_SLOT_04,TBD_BEFORE_PROSPECTIVE_COLLECTION,TBD_BEFORE_PROSPECTIVE_COLLECTION,TBD_BEFORE_PROSPECTIVE_COLLECTION,TBD_BEFORE_PROSPECTIVE_COLLECTION,TBD_BEFORE_PROSPECTIVE_COLLECTION,TBD_BEFORE_PROSPECTIVE_COLLECTION,TBD_BEFORE_PROSPECTIVE_COLLECTION,TBD_BEFORE_PROSPECTIVE_COLLECTION,TBD_BEFORE_PROSPECTIVE_COLLECTION,UNRESOLVED_DEVICE_BINDING
7,q023,Alisertib,100,nM,p1,PROSPECTIVE_B_P1,PROSPECTIVE_SLOT_04,TBD_BEFORE_PROSPECTIVE_COLLECTION,TBD_BEFORE_PROSPECTIVE_COLLECTION,TBD_BEFORE_PROSPECTIVE_COLLECTION,TBD_BEFORE_PROSPECTIVE_COLLECTION,TBD_BEFORE_PROSPECTIVE_COLLECTION,TBD_BEFORE_PROSPECTIVE_COLLECTION,TBD_BEFORE_PROSPECTIVE_COLLECTION,TBD_BEFORE_PROSPECTIVE_COLLECTION,TBD_BEFORE_PROSPECTIVE_COLLECTION,UNRESOLVED_DEVICE_BINDING
8,q025,Alisertib,1000,nM,p2,PROSPECTIVE_B_P2,PROSPECTIVE_SLOT_05,TBD_BEFORE_PROSPECTIVE_COLLECTION,TBD_BEFORE_PROSPECTIVE_COLLECTION,TBD_BEFORE_PROSPECTIVE_COLLECTION,TBD_BEFORE_PROSPECTIVE_COLLECTION,TBD_BEFORE_PROSPECTIVE_COLLECTION,TBD_BEFORE_PROSPECTIVE_COLLECTION,TBD_BEFORE_PROSPECTIVE_COLLECTION,TBD_BEFORE_PROSPECTIVE_COLLECTION,TBD_BEFORE_PROSPECTIVE_COLLECTION,UNRESOLVED_DEVICE_BINDING
9,q027,Alisertib,10000,nM,p1,PROSPECTIVE_B_P1,PROSPECTIVE_SLOT_05,TBD_BEFORE_PROSPECTIVE_COLLECTION,TBD_BEFORE_PROSPECTIVE_COLLECTION,TBD_BEFORE_PROSPECTIVE_COLLECTION,TBD_BEFORE_PROSPECTIVE_COLLECTION,TBD_BEFORE_PROSPECTIVE_COLLECTION,TBD_BEFORE_PROSPECTIVE_COLLECTION,TBD_BEFORE_PROSPECTIVE_COLLECTION,TBD_BEFORE_PROSPECTIVE_COLLECTION,TBD_BEFORE_PROSPECTIVE_COLLECTION,UNRESOLVED_DEVICE_BINDING
10,q030,Atorvastatin,300,nM,p2,PROSPECTIVE_B_P2,PROSPECTIVE_SLOT_06,TBD_BEFORE_PROSPECTIVE_COLLECTION,TBD_BEFORE_PROSPECTIVE_COLLECTION,TBD_BEFORE_PROSPECTIVE_COLLECTION,TBD_BEFORE_PROSPECTIVE_COLLECTION,TBD_BEFORE_PROSPECTIVE_COLLECTION,TBD_BEFORE_PROSPECTIVE_COLLECTION,TBD_BEFORE_PROSPECTIVE_COLLECTION,TBD_BEFORE_PROSPECTIVE_COLLECTION,TBD_BEFORE_PROSPECTIVE_COLLECTION,UNRESOLVED_DEVICE_BINDING
11,q031,Atorvastatin,1000,nM,p1,PROSPECTIVE_B_P1,PROSPECTIVE_SLOT_06,TBD_BEFORE_PROSPECTIVE_COLLECTION,TBD_BEFORE_PROSPECTIVE_COLLECTION,TBD_BEFORE_PROSPECTIVE_COLLECTION,TBD_BEFORE_PROSPECTIVE_COLLECTION,TBD_BEFORE_PROSPECTIVE_COLLECTION,TBD_BEFORE_PROSPECTIVE_COLLECTION,TBD_BEFORE_PROSPECTIVE_COLLECTION,TBD_BEFORE_PROSPECTIVE_COLLECTION,TBD_BEFORE_PROSPECTIVE_COLLECTION,UNRESOLVED_DEVICE_BINDING
12,q032,Atorvastatin,3000,nM,p2,PROSPECTIVE_B_P2,PROSPECTIVE_SLOT_07,TBD_BEFORE_PROSPECTIVE_COLLECTION,TBD_BEFORE_PROSPECTIVE_COLLECTION,TBD_BEFORE_PROSPECTIVE_COLLECTION,TBD_BEFORE_PROSPECTIVE_COLLECTION,TBD_BEFORE_PROSPECTIVE_COLLECTION,TBD_BEFORE_PROSPECTIVE_COLLECTION,TBD_BEFORE_PROSPECTIVE_COLLECTION,TBD_BEFORE_PROSPECTIVE_COLLECTION,TBD_BEFORE_PROSPECTIVE_COLLECTION,UNRESOLVED_DEVICE_BINDING
13,q037,Bemcentinib,300,nM,p2,PROSPECTIVE_B_P2,PROSPECTIVE_SLOT_08,TBD_BEFORE_PROSPECTIVE_COLLECTION,TBD_BEFORE_PROSPECTIVE_COLLECTION,TBD_BEFORE_PROSPECTIVE_COLLECTION,TBD_BEFORE_PROSPECTIVE_COLLECTION,TBD_BEFORE_PROSPECTIVE_COLLECTION,TBD_BEFORE_PROSPECTIVE_COLLECTION,TBD_BEFORE_PROSPECTIVE_COLLECTION,TBD_BEFORE_PROSPECTIVE_COLLECTION,TBD_BEFORE_PROSPECTIVE_COLLECTION,UNRESOLVED_DEVICE_BINDING
14,q039,Bemcentinib,3000,nM,p1,PROSPECTIVE_B_P1,PROSPECTIVE_SLOT_07,TBD_BEFORE_PROSPECTIVE_COLLECTION,TBD_BEFORE_PROSPECTIVE_COLLECTION,TBD_BEFORE_PROSPECTIVE_COLLECTION,TBD_BEFORE_PROSPECTIVE_COLLECTION,TBD_BEFORE_PROSPECTIVE_COLLECTION,TBD_BEFORE_PROSPECTIVE_COLLECTION,TBD_BEFORE_PROSPECTIVE_COLLECTION,TBD_BEFORE_PROSPECTIVE_COLLECTION,TBD_BEFORE_PROSPECTIVE_COLLECTION,UNRESOLVED_DEVICE_BINDING
15,q045,Encorafenib,30,nM,p2,PROSPECTIVE_B_P2,PROSPECTIVE_SLOT_09,TBD_BEFORE_PROSPECTIVE_COLLECTION,TBD_BEFORE_PROSPECTIVE_COLLECTION,TBD_BEFORE_PROSPECTIVE_COLLECTION,TBD_BEFORE_PROSPECTIVE_COLLECTION,TBD_BEFORE_PROSPECTIVE_COLLECTION,TBD_BEFORE_PROSPECTIVE_COLLECTION,TBD_BEFORE_PROSPECTIVE_COLLECTION,TBD_BEFORE_PROSPECTIVE_COLLECTION,TBD_BEFORE_PROSPECTIVE_COLLECTION,UNRESOLVED_DEVICE_BINDING
16,q047,Encorafenib,300,nM,p1,PROSPECTIVE_B_P1,PROSPECTIVE_SLOT_08,TBD_BEFORE_PROSPECTIVE_COLLECTION,TBD_BEFORE_PROSPECTIVE_COLLECTION,TBD_BEFORE_PROSPECTIVE_COLLECTION,TBD_BEFORE_PROSPECTIVE_COLLECTION,TBD_BEFORE_PROSPECTIVE_COLLECTION,TBD_BEFORE_PROSPECTIVE_COLLECTION,TBD_BEFORE_PROSPECTIVE_COLLECTION,TBD_BEFORE_PROSPECTIVE_COLLECTION,TBD_BEFORE_PROSPECTIVE_COLLECTION,UNRESOLVED_DEVICE_BINDING
17,lib1_d07_n05,Gedatolisib,30,nM,p1,PROSPECTIVE_B_P1,PROSPECTIVE_SLOT_09,TBD_BEFORE_PROSPECTIVE_COLLECTION,TBD_BEFORE_PROSPECTIVE_COLLECTION,TBD_BEFORE_PROSPECTIVE_COLLECTION,TBD_BEFORE_PROSPECTIVE_COLLECTION,TBD_BEFORE_PROSPECTIVE_COLLECTION,TBD_BEFORE_PROSPECTIVE_COLLECTION,TBD_BEFORE_PROSPECTIVE_COLLECTION,TBD_BEFORE_PROSPECTIVE_COLLECTION,TBD_BEFORE_PROSPECTIVE_COLLECTION,UNRESOLVED_DEVICE_BINDING
18,lib1_d07_n06,Gedatolisib,100,nM,p2,PROSPECTIVE_B_P2,PROSPECTIVE_SLOT_10,TBD_BEFORE_PROSPECTIVE_COLLECTION,TBD_BEFORE_PROSPECTIVE_COLLECTION,TBD_BEFORE_PROSPECTIVE_COLLECTION,TBD_BEFORE_PROSPECTIVE_COLLECTION,TBD_BEFORE_PROSPECTIVE_COLLECTION,TBD_BEFORE_PROSPECTIVE_COLLECTION,TBD_BEFORE_PROSPECTIVE_COLLECTION,TBD_BEFORE_PROSPECTIVE_COLLECTION,TBD_BEFORE_PROSPECTIVE_COLLECTION,UNRESOLVED_DEVICE_BINDING
19,lib1_d07_n07,Gedatolisib,300,nM,p1,PROSPECTIVE_B_P1,PROSPECTIVE_SLOT_10,TBD_BEFORE_PROSPECTIVE_COLLECTION,TBD_BEFORE_PROSPECTIVE_COLLECTION,TBD_BEFORE_PROSPECTIVE_COLLECTION,TBD_BEFORE_PROSPECTIVE_COLLECTION,TBD_BEFORE_PROSPECTIVE_COLLECTION,TBD_BEFORE_PROSPECTIVE_COLLECTION,TBD_BEFORE_PROSPECTIVE_COLLECTION,TBD_BEFORE_PROSPECTIVE_COLLECTION,TBD_BEFORE_PROSPECTIVE_COLLECTION,UNRESOLVED_DEVICE_BINDING
20,q052,Gemcitabine,10,nM,p2,PROSPECTIVE_B_P2,PROSPECTIVE_SLOT_11,TBD_BEFORE_PROSPECTIVE_COLLECTION,TBD_BEFORE_PROSPECTIVE_COLLECTION,TBD_BEFORE_PROSPECTIVE_COLLECTION,TBD_BEFORE_PROSPECTIVE_COLLECTION,TBD_BEFORE_PROSPECTIVE_COLLECTION,TBD_BEFORE_PROSPECTIVE_COLLECTION,TBD_BEFORE_PROSPECTIVE_COLLECTION,TBD_BEFORE_PROSPECTIVE_COLLECTION,TBD_BEFORE_PROSPECTIVE_COLLECTION,UNRESOLVED_DEVICE_BINDING
21,q054,Gemcitabine,100,nM,p1,PROSPECTIVE_B_P1,PROSPECTIVE_SLOT_11,TBD_BEFORE_PROSPECTIVE_COLLECTION,TBD_BEFORE_PROSPECTIVE_COLLECTION,TBD_BEFORE_PROSPECTIVE_COLLECTION,TBD_BEFORE_PROSPECTIVE_COLLECTION,TBD_BEFORE_PROSPECTIVE_COLLECTION,TBD_BEFORE_PROSPECTIVE_COLLECTION,TBD_BEFORE_PROSPECTIVE_COLLECTION,TBD_BEFORE_PROSPECTIVE_COLLECTION,TBD_BEFORE_PROSPECTIVE_COLLECTION,UNRESOLVED_DEVICE_BINDING
22,q055,Gemcitabine,300,nM,p2,PROSPECTIVE_B_P2,PROSPECTIVE_SLOT_12,TBD_BEFORE_PROSPECTIVE_COLLECTION,TBD_BEFORE_PROSPECTIVE_COLLECTION,TBD_BEFORE_PROSPECTIVE_COLLECTION,TBD_BEFORE_PROSPECTIVE_COLLECTION,TBD_BEFORE_PROSPECTIVE_COLLECTION,TBD_BEFORE_PROSPECTIVE_COLLECTION,TBD_BEFORE_PROSPECTIVE_COLLECTION,TBD_BEFORE_PROSPECTIVE_COLLECTION,TBD_BEFORE_PROSPECTIVE_COLLECTION,UNRESOLVED_DEVICE_BINDING
23,q061,Idasanutlin,300,nM,p1,PROSPECTIVE_B_P1,PROSPECTIVE_SLOT_12,TBD_BEFORE_PROSPECTIVE_COLLECTION,TBD_BEFORE_PROSPECTIVE_COLLECTION,TBD_BEFORE_PROSPECTIVE_COLLECTION,TBD_BEFORE_PROSPECTIVE_COLLECTION,TBD_BEFORE_PROSPECTIVE_COLLECTION,TBD_BEFORE_PROSPECTIVE_COLLECTION,TBD_BEFORE_PROSPECTIVE_COLLECTION,TBD_BEFORE_PROSPECTIVE_COLLECTION,TBD_BEFORE_PROSPECTIVE_COLLECTION,UNRESOLVED_DEVICE_BINDING
24,q062,Idasanutlin,1000,nM,p2,PROSPECTIVE_B_P2,PROSPECTIVE_SLOT_13,TBD_BEFORE_PROSPECTIVE_COLLECTION,TBD_BEFORE_PROSPECTIVE_COLLECTION,TBD_BEFORE_PROSPECTIVE_COLLECTION,TBD_BEFORE_PROSPECTIVE_COLLECTION,TBD_BEFORE_PROSPECTIVE_COLLECTION,TBD_BEFORE_PROSPECTIVE_COLLECTION,TBD_BEFORE_PROSPECTIVE_COLLECTION,TBD_BEFORE_PROSPECTIVE_COLLECTION,TBD_BEFORE_PROSPECTIVE_COLLECTION,UNRESOLVED_DEVICE_BINDING
25,q063,Idasanutlin,3000,nM,p1,PROSPECTIVE_B_P1,PROSPECTIVE_SLOT_13,TBD_BEFORE_PROSPECTIVE_COLLECTION,TBD_BEFORE_PROSPECTIVE_COLLECTION,TBD_BEFORE_PROSPECTIVE_COLLECTION,TBD_BEFORE_PROSPECTIVE_COLLECTION,TBD_BEFORE_PROSPECTIVE_COLLECTION,TBD_BEFORE_PROSPECTIVE_COLLECTION,TBD_BEFORE_PROSPECTIVE_COLLECTION,TBD_BEFORE_PROSPECTIVE_COLLECTION,TBD_BEFORE_PROSPECTIVE_COLLECTION,UNRESOLVED_DEVICE_BINDING
26,q066,LCL161,250,nM,p2,PROSPECTIVE_B_P2,PROSPECTIVE_SLOT_14,TBD_BEFORE_PROSPECTIVE_COLLECTION,TBD_BEFORE_PROSPECTIVE_COLLECTION,TBD_BEFORE_PROSPECTIVE_COLLECTION,TBD_BEFORE_PROSPECTIVE_COLLECTION,TBD_BEFORE_PROSPECTIVE_COLLECTION,TBD_BEFORE_PROSPECTIVE_COLLECTION,TBD_BEFORE_PROSPECTIVE_COLLECTION,TBD_BEFORE_PROSPECTIVE_COLLECTION,TBD_BEFORE_PROSPECTIVE_COLLECTION,UNRESOLVED_DEVICE_BINDING
27,q067,LCL161,750,nM,p1,PROSPECTIVE_B_P1,PROSPECTIVE_SLOT_14,TBD_BEFORE_PROSPECTIVE_COLLECTION,TBD_BEFORE_PROSPECTIVE_COLLECTION,TBD_BEFORE_PROSPECTIVE_COLLECTION,TBD_BEFORE_PROSPECTIVE_COLLECTION,TBD_BEFORE_PROSPECTIVE_COLLECTION,TBD_BEFORE_PROSPECTIVE_COLLECTION,TBD_BEFORE_PROSPECTIVE_COLLECTION,TBD_BEFORE_PROSPECTIVE_COLLECTION,TBD_BEFORE_PROSPECTIVE_COLLECTION,UNRESOLVED_DEVICE_BINDING
28,q068,LCL161,25000,nM,p2,PROSPECTIVE_B_P2,PROSPECTIVE_SLOT_15,TBD_BEFORE_PROSPECTIVE_COLLECTION,TBD_BEFORE_PROSPECTIVE_COLLECTION,TBD_BEFORE_PROSPECTIVE_COLLECTION,TBD_BEFORE_PROSPECTIVE_COLLECTION,TBD_BEFORE_PROSPECTIVE_COLLECTION,TBD_BEFORE_PROSPECTIVE_COLLECTION,TBD_BEFORE_PROSPECTIVE_COLLECTION,TBD_BEFORE_PROSPECTIVE_COLLECTION,TBD_BEFORE_PROSPECTIVE_COLLECTION,UNRESOLVED_DEVICE_BINDING
29,q070,LGK974,10,nM,p1,PROSPECTIVE_B_P1,PROSPECTIVE_SLOT_15,TBD_BEFORE_PROSPECTIVE_COLLECTION,TBD_BEFORE_PROSPECTIVE_COLLECTION,TBD_BEFORE_PROSPECTIVE_COLLECTION,TBD_BEFORE_PROSPECTIVE_COLLECTION,TBD_BEFORE_PROSPECTIVE_COLLECTION,TBD_BEFORE_PROSPECTIVE_COLLECTION,TBD_BEFORE_PROSPECTIVE_COLLECTION,TBD_BEFORE_PROSPECTIVE_COLLECTION,TBD_BEFORE_PROSPECTIVE_COLLECTION,UNRESOLVED_DEVICE_BINDING
30,q074,LGK974,1000,nM,p2,PROSPECTIVE_B_P2,PROSPECTIVE_SLOT_16,TBD_BEFORE_PROSPECTIVE_COLLECTION,TBD_BEFORE_PROSPECTIVE_COLLECTION,TBD_BEFORE_PROSPECTIVE_COLLECTION,TBD_BEFORE_PROSPECTIVE_COLLECTION,TBD_BEFORE_PROSPECTIVE_COLLECTION,TBD_BEFORE_PROSPECTIVE_COLLECTION,TBD_BEFORE_PROSPECTIVE_COLLECTION,TBD_BEFORE_PROSPECTIVE_COLLECTION,TBD_BEFORE_PROSPECTIVE_COLLECTION,UNRESOLVED_DEVICE_BINDING
31,q075,LGK974,3000,nM,p1,PROSPECTIVE_B_P1,PROSPECTIVE_SLOT_16,TBD_BEFORE_PROSPECTIVE_COLLECTION,TBD_BEFORE_PROSPECTIVE_COLLECTION,TBD_BEFORE_PROSPECTIVE_COLLECTION,TBD_BEFORE_PROSPECTIVE_COLLECTION,TBD_BEFORE_PROSPECTIVE_COLLECTION,TBD_BEFORE_PROSPECTIVE_COLLECTION,TBD_BEFORE_PROSPECTIVE_COLLECTION,TBD_BEFORE_PROSPECTIVE_COLLECTION,TBD_BEFORE_PROSPECTIVE_COLLECTION,UNRESOLVED_DEVICE_BINDING
32,q079,Lapatinib,30,nM,p2,PROSPECTIVE_B_P2,PROSPECTIVE_SLOT_17,TBD_BEFORE_PROSPECTIVE_COLLECTION,TBD_BEFORE_PROSPECTIVE_COLLECTION,TBD_BEFORE_PROSPECTIVE_COLLECTION,TBD_BEFORE_PROSPECTIVE_COLLECTION,TBD_BEFORE_PROSPECTIVE_COLLECTION,TBD_BEFORE_PROSPECTIVE_COLLECTION,TBD_BEFORE_PROSPECTIVE_COLLECTION,TBD_BEFORE_PROSPECTIVE_COLLECTION,TBD_BEFORE_PROSPECTIVE_COLLECTION,UNRESOLVED_DEVICE_BINDING
33,q080,Lapatinib,100,nM,p1,PROSPECTIVE_B_P1,PROSPECTIVE_SLOT_17,TBD_BEFORE_PROSPECTIVE_COLLECTION,TBD_BEFORE_PROSPECTIVE_COLLECTION,TBD_BEFORE_PROSPECTIVE_COLLECTION,TBD_BEFORE_PROSPECTIVE_COLLECTION,TBD_BEFORE_PROSPECTIVE_COLLECTION,TBD_BEFORE_PROSPECTIVE_COLLECTION,TBD_BEFORE_PROSPECTIVE_COLLECTION,TBD_BEFORE_PROSPECTIVE_COLLECTION,TBD_BEFORE_PROSPECTIVE_COLLECTION,UNRESOLVED_DEVICE_BINDING
34,q081,Lapatinib,300,nM,p2,PROSPECTIVE_B_P2,PROSPECTIVE_SLOT_18,TBD_BEFORE_PROSPECTIVE_COLLECTION,TBD_BEFORE_PROSPECTIVE_COLLECTION,TBD_BEFORE_PROSPECTIVE_COLLECTION,TBD_BEFORE_PROSPECTIVE_COLLECTION,TBD_BEFORE_PROSPECTIVE_COLLECTION,TBD_BEFORE_PROSPECTIVE_COLLECTION,TBD_BEFORE_PROSPECTIVE_COLLECTION,TBD_BEFORE_PROSPECTIVE_COLLECTION,TBD_BEFORE_PROSPECTIVE_COLLECTION,UNRESOLVED_DEVICE_BINDING
35,q086,Luminespib,10,nM,p1,PROSPECTIVE_B_P1,PROSPECTIVE_SLOT_18,TBD_BEFORE_PROSPECTIVE_COLLECTION,TBD_BEFORE_PROSPECTIVE_COLLECTION,TBD_BEFORE_PROSPECTIVE_COLLECTION,TBD_BEFORE_PROSPECTIVE_COLLECTION,TBD_BEFORE_PROSPECTIVE_COLLECTION,TBD_BEFORE_PROSPECTIVE_COLLECTION,TBD_BEFORE_PROSPECTIVE_COLLECTION,TBD_BEFORE_PROSPECTIVE_COLLECTION,TBD_BEFORE_PROSPECTIVE_COLLECTION,UNRESOLVED_DEVICE_BINDING
36,q087,Luminespib,30,nM,p2,PROSPECTIVE_B_P2,PROSPECTIVE_SLOT_19,TBD_BEFORE_PROSPECTIVE_COLLECTION,TBD_BEFORE_PROSPECTIVE_COLLECTION,TBD_BEFORE_PROSPECTIVE_COLLECTION,TBD_BEFORE_PROSPECTIVE_COLLECTION,TBD_BEFORE_PROSPECTIVE_COLLECTION,TBD_BEFORE_PROSPECTIVE_COLLECTION,TBD_BEFORE_PROSPECTIVE_COLLECTION,TBD_BEFORE_PROSPECTIVE_COLLECTION,TBD_BEFORE_PROSPECTIVE_COLLECTION,UNRESOLVED_DEVICE_BINDING
37,q089,Luminespib,300,nM,p1,PROSPECTIVE_B_P1,PROSPECTIVE_SLOT_19,TBD_BEFORE_PROSPECTIVE_COLLECTION,TBD_BEFORE_PROSPECTIVE_COLLECTION,TBD_BEFORE_PROSPECTIVE_COLLECTION,TBD_BEFORE_PROSPECTIVE_COLLECTION,TBD_BEFORE_PROSPECTIVE_COLLECTION,TBD_BEFORE_PROSPECTIVE_COLLECTION,TBD_BEFORE_PROSPECTIVE_COLLECTION,TBD_BEFORE_PROSPECTIVE_COLLECTION,TBD_BEFORE_PROSPECTIVE_COLLECTION,UNRESOLVED_DEVICE_BINDING
38,q095,Methotrexate,150,nM,p2,PROSPECTIVE_B_P2,PROSPECTIVE_SLOT_20,TBD_BEFORE_PROSPECTIVE_COLLECTION,TBD_BEFORE_PROSPECTIVE_COLLECTION,TBD_BEFORE_PROSPECTIVE_COLLECTION,TBD_BEFORE_PROSPECTIVE_COLLECTION,TBD_BEFORE_PROSPECTIVE_COLLECTION,TBD_BEFORE_PROSPECTIVE_COLLECTION,TBD_BEFORE_PROSPECTIVE_COLLECTION,TBD_BEFORE_PROSPECTIVE_COLLECTION,TBD_BEFORE_PROSPECTIVE_COLLECTION,UNRESOLVED_DEVICE_BINDING
39,q096,Methotrexate,500,nM,p1,PROSPECTIVE_B_P1,PROSPECTIVE_SLOT_20,TBD_BEFORE_PROSPECTIVE_COLLECTION,TBD_BEFORE_PROSPECTIVE_COLLECTION,TBD_BEFORE_PROSPECTIVE_COLLECTION,TBD_BEFORE_PROSPECTIVE_COLLECTION,TBD_BEFORE_PROSPECTIVE_COLLECTION,TBD_BEFORE_PROSPECTIVE_COLLECTION,TBD_BEFORE_PROSPECTIVE_COLLECTION,TBD_BEFORE_PROSPECTIVE_COLLECTION,TBD_BEFORE_PROSPECTIVE_COLLECTION,UNRESOLVED_DEVICE_BINDING
40,q097,Methotrexate,1500,nM,p2,PROSPECTIVE_B_P2,PROSPECTIVE_SLOT_21,TBD_BEFORE_PROSPECTIVE_COLLECTION,TBD_BEFORE_PROSPECTIVE_COLLECTION,TBD_BEFORE_PROSPECTIVE_COLLECTION,TBD_BEFORE_PROSPECTIVE_COLLECTION,TBD_BEFORE_PROSPECTIVE_COLLECTION,TBD_BEFORE_PROSPECTIVE_COLLECTION,TBD_BEFORE_PROSPECTIVE_COLLECTION,TBD_BEFORE_PROSPECTIVE_COLLECTION,TBD_BEFORE_PROSPECTIVE_COLLECTION,UNRESOLVED_DEVICE_BINDING
41,q103,Napabucasin,600,nM,p2,PROSPECTIVE_B_P2,PROSPECTIVE_SLOT_22,TBD_BEFORE_PROSPECTIVE_COLLECTION,TBD_BEFORE_PROSPECTIVE_COLLECTION,TBD_BEFORE_PROSPECTIVE_COLLECTION,TBD_BEFORE_PROSPECTIVE_COLLECTION,TBD_BEFORE_PROSPECTIVE_COLLECTION,TBD_BEFORE_PROSPECTIVE_COLLECTION,TBD_BEFORE_PROSPECTIVE_COLLECTION,TBD_BEFORE_PROSPECTIVE_COLLECTION,TBD_BEFORE_PROSPECTIVE_COLLECTION,UNRESOLVED_DEVICE_BINDING
42,q104,Napabucasin,2000,nM,p1,PROSPECTIVE_B_P1,PROSPECTIVE_SLOT_21,TBD_BEFORE_PROSPECTIVE_COLLECTION,TBD_BEFORE_PROSPECTIVE_COLLECTION,TBD_BEFORE_PROSPECTIVE_COLLECTION,TBD_BEFORE_PROSPECTIVE_COLLECTION,TBD_BEFORE_PROSPECTIVE_COLLECTION,TBD_BEFORE_PROSPECTIVE_COLLECTION,TBD_BEFORE_PROSPECTIVE_COLLECTION,TBD_BEFORE_PROSPECTIVE_COLLECTION,TBD_BEFORE_PROSPECTIVE_COLLECTION,UNRESOLVED_DEVICE_BINDING
43,lib1_d16_n05,Palbociclib,300,nM,p1,PROSPECTIVE_B_P1,PROSPECTIVE_SLOT_22,TBD_BEFORE_PROSPECTIVE_COLLECTION,TBD_BEFORE_PROSPECTIVE_COLLECTION,TBD_BEFORE_PROSPECTIVE_COLLECTION,TBD_BEFORE_PROSPECTIVE_COLLECTION,TBD_BEFORE_PROSPECTIVE_COLLECTION,TBD_BEFORE_PROSPECTIVE_COLLECTION,TBD_BEFORE_PROSPECTIVE_COLLECTION,TBD_BEFORE_PROSPECTIVE_COLLECTION,TBD_BEFORE_PROSPECTIVE_COLLECTION,UNRESOLVED_DEVICE_BINDING
44,lib1_d16_n06,Palbociclib,1000,nM,p2,PROSPECTIVE_B_P2,PROSPECTIVE_SLOT_23,TBD_BEFORE_PROSPECTIVE_COLLECTION,TBD_BEFORE_PROSPECTIVE_COLLECTION,TBD_BEFORE_PROSPECTIVE_COLLECTION,TBD_BEFORE_PROSPECTIVE_COLLECTION,TBD_BEFORE_PROSPECTIVE_COLLECTION,TBD_BEFORE_PROSPECTIVE_COLLECTION,TBD_BEFORE_PROSPECTIVE_COLLECTION,TBD_BEFORE_PROSPECTIVE_COLLECTION,TBD_BEFORE_PROSPECTIVE_COLLECTION,UNRESOLVED_DEVICE_BINDING
45,lib1_d16_n07,Palbociclib,3000,nM,p1,PROSPECTIVE_B_P1,PROSPECTIVE_SLOT_23,TBD_BEFORE_PROSPECTIVE_COLLECTION,TBD_BEFORE_PROSPECTIVE_COLLECTION,TBD_BEFORE_PROSPECTIVE_COLLECTION,TBD_BEFORE_PROSPECTIVE_COLLECTION,TBD_BEFORE_PROSPECTIVE_COLLECTION,TBD_BEFORE_PROSPECTIVE_COLLECTION,TBD_BEFORE_PROSPECTIVE_COLLECTION,TBD_BEFORE_PROSPECTIVE_COLLECTION,TBD_BEFORE_PROSPECTIVE_COLLECTION,UNRESOLVED_DEVICE_BINDING
46,q108,Panobinostat,10,nM,p2,PROSPECTIVE_B_P2,PROSPECTIVE_SLOT_24,TBD_BEFORE_PROSPECTIVE_COLLECTION,TBD_BEFORE_PROSPECTIVE_COLLECTION,TBD_BEFORE_PROSPECTIVE_COLLECTION,TBD_BEFORE_PROSPECTIVE_COLLECTION,TBD_BEFORE_PROSPECTIVE_COLLECTION,TBD_BEFORE_PROSPECTIVE_COLLECTION,TBD_BEFORE_PROSPECTIVE_COLLECTION,TBD_BEFORE_PROSPECTIVE_COLLECTION,TBD_BEFORE_PROSPECTIVE_COLLECTION,UNRESOLVED_DEVICE_BINDING
47,q109,Panobinostat,30,nM,p1,PROSPECTIVE_B_P1,PROSPECTIVE_SLOT_24,TBD_BEFORE_PROSPECTIVE_COLLECTION,TBD_BEFORE_PROSPECTIVE_COLLECTION,TBD_BEFORE_PROSPECTIVE_COLLECTION,TBD_BEFORE_PROSPECTIVE_COLLECTION,TBD_BEFORE_PROSPECTIVE_COLLECTION,TBD_BEFORE_PROSPECTIVE_COLLECTION,TBD_BEFORE_PROSPECTIVE_COLLECTION,TBD_BEFORE_PROSPECTIVE_COLLECTION,TBD_BEFORE_PROSPECTIVE_COLLECTION,UNRESOLVED_DEVICE_BINDING
48,q110,Panobinostat,100,nM,p2,PROSPECTIVE_B_P2,PROSPECTIVE_SLOT_25,TBD_BEFORE_PROSPECTIVE_COLLECTION,TBD_BEFORE_PROSPECTIVE_COLLECTION,TBD_BEFORE_PROSPECTIVE_COLLECTION,TBD_BEFORE_PROSPECTIVE_COLLECTION,TBD_BEFORE_PROSPECTIVE_COLLECTION,TBD_BEFORE_PROSPECTIVE_COLLECTION,TBD_BEFORE_PROSPECTIVE_COLLECTION,TBD_BEFORE_PROSPECTIVE_COLLECTION,TBD_BEFORE_PROSPECTIVE_COLLECTION,UNRESOLVED_DEVICE_BINDING
49,q117,Pevonedistat,300,nM,p2,PROSPECTIVE_B_P2,PROSPECTIVE_SLOT_26,TBD_BEFORE_PROSPECTIVE_COLLECTION,TBD_BEFORE_PROSPECTIVE_COLLECTION,TBD_BEFORE_PROSPECTIVE_COLLECTION,TBD_BEFORE_PROSPECTIVE_COLLECTION,TBD_BEFORE_PROSPECTIVE_COLLECTION,TBD_BEFORE_PROSPECTIVE_COLLECTION,TBD_BEFORE_PROSPECTIVE_COLLECTION,TBD_BEFORE_PROSPECTIVE_COLLECTION,TBD_BEFORE_PROSPECTIVE_COLLECTION,UNRESOLVED_DEVICE_BINDING
50,q118,Pevonedistat,1000,nM,p1,PROSPECTIVE_B_P1,PROSPECTIVE_SLOT_25,TBD_BEFORE_PROSPECTIVE_COLLECTION,TBD_BEFORE_PROSPECTIVE_COLLECTION,TBD_BEFORE_PROSPECTIVE_COLLECTION,TBD_BEFORE_PROSPECTIVE_COLLECTION,TBD_BEFORE_PROSPECTIVE_COLLECTION,TBD_BEFORE_PROSPECTIVE_COLLECTION,TBD_BEFORE_PROSPECTIVE_COLLECTION,TBD_BEFORE_PROSPECTIVE_COLLECTION,TBD_BEFORE_PROSPECTIVE_COLLECTION,UNRESOLVED_DEVICE_BINDING
51,q123,Regorafenib,300,nM,p2,PROSPECTIVE_B_P2,PROSPECTIVE_SLOT_27,TBD_BEFORE_PROSPECTIVE_COLLECTION,TBD_BEFORE_PROSPECTIVE_COLLECTION,TBD_BEFORE_PROSPECTIVE_COLLECTION,TBD_BEFORE_PROSPECTIVE_COLLECTION,TBD_BEFORE_PROSPECTIVE_COLLECTION,TBD_BEFORE_PROSPECTIVE_COLLECTION,TBD_BEFORE_PROSPECTIVE_COLLECTION,TBD_BEFORE_PROSPECTIVE_COLLECTION,TBD_BEFORE_PROSPECTIVE_COLLECTION,UNRESOLVED_DEVICE_BINDING
52,q125,Regorafenib,3000,nM,p1,PROSPECTIVE_B_P1,PROSPECTIVE_SLOT_26,TBD_BEFORE_PROSPECTIVE_COLLECTION,TBD_BEFORE_PROSPECTIVE_COLLECTION,TBD_BEFORE_PROSPECTIVE_COLLECTION,TBD_BEFORE_PROSPECTIVE_COLLECTION,TBD_BEFORE_PROSPECTIVE_COLLECTION,TBD_BEFORE_PROSPECTIVE_COLLECTION,TBD_BEFORE_PROSPECTIVE_COLLECTION,TBD_BEFORE_PROSPECTIVE_COLLECTION,TBD_BEFORE_PROSPECTIVE_COLLECTION,UNRESOLVED_DEVICE_BINDING
53,q128,SN-38,3,nM,p1,PROSPECTIVE_B_P1,PROSPECTIVE_SLOT_27,TBD_BEFORE_PROSPECTIVE_COLLECTION,TBD_BEFORE_PROSPECTIVE_COLLECTION,TBD_BEFORE_PROSPECTIVE_COLLECTION,TBD_BEFORE_PROSPECTIVE_COLLECTION,TBD_BEFORE_PROSPECTIVE_COLLECTION,TBD_BEFORE_PROSPECTIVE_COLLECTION,TBD_BEFORE_PROSPECTIVE_COLLECTION,TBD_BEFORE_PROSPECTIVE_COLLECTION,TBD_BEFORE_PROSPECTIVE_COLLECTION,UNRESOLVED_DEVICE_BINDING
54,q129,SN-38,100,nM,p2,PROSPECTIVE_B_P2,PROSPECTIVE_SLOT_28,TBD_BEFORE_PROSPECTIVE_COLLECTION,TBD_BEFORE_PROSPECTIVE_COLLECTION,TBD_BEFORE_PROSPECTIVE_COLLECTION,TBD_BEFORE_PROSPECTIVE_COLLECTION,TBD_BEFORE_PROSPECTIVE_COLLECTION,TBD_BEFORE_PROSPECTIVE_COLLECTION,TBD_BEFORE_PROSPECTIVE_COLLECTION,TBD_BEFORE_PROSPECTIVE_COLLECTION,TBD_BEFORE_PROSPECTIVE_COLLECTION,UNRESOLVED_DEVICE_BINDING
55,q130,SN-38,300,nM,p1,PROSPECTIVE_B_P1,PROSPECTIVE_SLOT_28,TBD_BEFORE_PROSPECTIVE_COLLECTION,TBD_BEFORE_PROSPECTIVE_COLLECTION,TBD_BEFORE_PROSPECTIVE_COLLECTION,TBD_BEFORE_PROSPECTIVE_COLLECTION,TBD_BEFORE_PROSPECTIVE_COLLECTION,TBD_BEFORE_PROSPECTIVE_COLLECTION,TBD_BEFORE_PROSPECTIVE_COLLECTION,TBD_BEFORE_PROSPECTIVE_COLLECTION,TBD_BEFORE_PROSPECTIVE_COLLECTION,UNRESOLVED_DEVICE_BINDING
56,q131,TAS-102,100,nM,p2,PROSPECTIVE_B_P2,PROSPECTIVE_SLOT_29,TBD_BEFORE_PROSPECTIVE_COLLECTION,TBD_BEFORE_PROSPECTIVE_COLLECTION,TBD_BEFORE_PROSPECTIVE_COLLECTION,TBD_BEFORE_PROSPECTIVE_COLLECTION,TBD_BEFORE_PROSPECTIVE_COLLECTION,TBD_BEFORE_PROSPECTIVE_COLLECTION,TBD_BEFORE_PROSPECTIVE_COLLECTION,TBD_BEFORE_PROSPECTIVE_COLLECTION,TBD_BEFORE_PROSPECTIVE_COLLECTION,UNRESOLVED_DEVICE_BINDING
57,q132,TAS-102,1000,nM,p1,PROSPECTIVE_B_P1,PROSPECTIVE_SLOT_29,TBD_BEFORE_PROSPECTIVE_COLLECTION,TBD_BEFORE_PROSPECTIVE_COLLECTION,TBD_BEFORE_PROSPECTIVE_COLLECTION,TBD_BEFORE_PROSPECTIVE_COLLECTION,TBD_BEFORE_PROSPECTIVE_COLLECTION,TBD_BEFORE_PROSPECTIVE_COLLECTION,TBD_BEFORE_PROSPECTIVE_COLLECTION,TBD_BEFORE_PROSPECTIVE_COLLECTION,TBD_BEFORE_PROSPECTIVE_COLLECTION,UNRESOLVED_DEVICE_BINDING
58,q133,TAS-102,10000,nM,p2,PROSPECTIVE_B_P2,PROSPECTIVE_SLOT_30,TBD_BEFORE_PROSPECTIVE_COLLECTION,TBD_BEFORE_PROSPECTIVE_COLLECTION,TBD_BEFORE_PROSPECTIVE_COLLECTION,TBD_BEFORE_PROSPECTIVE_COLLECTION,TBD_BEFORE_PROSPECTIVE_COLLECTION,TBD_BEFORE_PROSPECTIVE_COLLECTION,TBD_BEFORE_PROSPECTIVE_COLLECTION,TBD_BEFORE_PROSPECTIVE_COLLECTION,TBD_BEFORE_PROSPECTIVE_COLLECTION,UNRESOLVED_DEVICE_BINDING
59,q137,Trametinib,2.5,nM,p1,PROSPECTIVE_B_P1,PROSPECTIVE_SLOT_30,TBD_BEFORE_PROSPECTIVE_COLLECTION,TBD_BEFORE_PROSPECTIVE_COLLECTION,TBD_BEFORE_PROSPECTIVE_COLLECTION,TBD_BEFORE_PROSPECTIVE_COLLECTION,TBD_BEFORE_PROSPECTIVE_COLLECTION,TBD_BEFORE_PROSPECTIVE_COLLECTION,TBD_BEFORE_PROSPECTIVE_COLLECTION,TBD_BEFORE_PROSPECTIVE_COLLECTION,TBD_BEFORE_PROSPECTIVE_COLLECTION,UNRESOLVED_DEVICE_BINDING
60,q138,Trametinib,7.5,nM,p2,PROSPECTIVE_B_P2,PROSPECTIVE_SLOT_31,TBD_BEFORE_PROSPECTIVE_COLLECTION,TBD_BEFORE_PROSPECTIVE_COLLECTION,TBD_BEFORE_PROSPECTIVE_COLLECTION,TBD_BEFORE_PROSPECTIVE_COLLECTION,TBD_BEFORE_PROSPECTIVE_COLLECTION,TBD_BEFORE_PROSPECTIVE_COLLECTION,TBD_BEFORE_PROSPECTIVE_COLLECTION,TBD_BEFORE_PROSPECTIVE_COLLECTION,TBD_BEFORE_PROSPECTIVE_COLLECTION,UNRESOLVED_DEVICE_BINDING
61,q140,Trametinib,75,nM,p1,PROSPECTIVE_B_P1,PROSPECTIVE_SLOT_31,TBD_BEFORE_PROSPECTIVE_COLLECTION,TBD_BEFORE_PROSPECTIVE_COLLECTION,TBD_BEFORE_PROSPECTIVE_COLLECTION,TBD_BEFORE_PROSPECTIVE_COLLECTION,TBD_BEFORE_PROSPECTIVE_COLLECTION,TBD_BEFORE_PROSPECTIVE_COLLECTION,TBD_BEFORE_PROSPECTIVE_COLLECTION,TBD_BEFORE_PROSPECTIVE_COLLECTION,TBD_BEFORE_PROSPECTIVE_COLLECTION,UNRESOLVED_DEVICE_BINDING
62,q145,Volasertib,10,nM,p2,PROSPECTIVE_B_P2,PROSPECTIVE_SLOT_32,TBD_BEFORE_PROSPECTIVE_COLLECTION,TBD_BEFORE_PROSPECTIVE_COLLECTION,TBD_BEFORE_PROSPECTIVE_COLLECTION,TBD_BEFORE_PROSPECTIVE_COLLECTION,TBD_BEFORE_PROSPECTIVE_COLLECTION,TBD_BEFORE_PROSPECTIVE_COLLECTION,TBD_BEFORE_PROSPECTIVE_COLLECTION,TBD_BEFORE_PROSPECTIVE_COLLECTION,TBD_BEFORE_PROSPECTIVE_COLLECTION,UNRESOLVED_DEVICE_BINDING
63,q147,Volasertib,100,nM,p1,PROSPECTIVE_B_P1,PROSPECTIVE_SLOT_32,TBD_BEFORE_PROSPECTIVE_COLLECTION,TBD_BEFORE_PROSPECTIVE_COLLECTION,TBD_BEFORE_PROSPECTIVE_COLLECTION,TBD_BEFORE_PROSPECTIVE_COLLECTION,TBD_BEFORE_PROSPECTIVE_COLLECTION,TBD_BEFORE_PROSPECTIVE_COLLECTION,TBD_BEFORE_PROSPECTIVE_COLLECTION,TBD_BEFORE_PROSPECTIVE_COLLECTION,TBD_BEFORE_PROSPECTIVE_COLLECTION,UNRESOLVED_DEVICE_BINDING
